Suite,Lunch,Free WiFi,City Tour,Room Service,Business Center,Mountain View,Executive Lounge
Suite,Buffet,Swimming Pool,Airport Shuttle,Late Checkout,Business Center,Garden View,Executive Lounge
Suite,Buffet,Gym,Airport Shuttle,Room Service,Business Center,Mountain View,VIP Service
Double Room,Lunch,Spa,Airport Shuttle,Mini Bar,Conference Room,Garden View,VIP Service
Suite,Dinner,Gym,Laundry Service,Mini Bar,Business Center,Mountain View,VIP Service
Double Room,Dinner,Spa,Laundry Service,Room Service,Business Center,Sea View,Executive Lounge
Double Room,Dinner,Free WiFi,Laundry Service,Late Checkout,Conference Room,Sea View,VIP Service
Double Room,Dinner,Swimming Pool,City Tour,Room Service,Conference Room,Sea View,VIP Service
Suite,Lunch,Gym,Airport Shuttle,Mini Bar,Conference Room,Mountain View,Executive Lounge
Single Room,Breakfast,Spa,Laundry Service,Late Checkout,Conference Room,Garden View,VIP Service
Penthouse,Buffet,Free WiFi,Laundry Service,Room Service,Business Center,Garden View,VIP Service
Double Room,Breakfast,Swimming Pool,Parking,Room Service,Business Center,Garden View,VIP Service
Double Room,Buffet,Gym,Parking,Mini Bar,Business Center,Mountain View,Executive Lounge
Single Room,Dinner,Spa,Laundry Service,Mini Bar,Conference Room,Mountain View,Executive Lounge
Double Room,Buffet,Gym,Parking,Late Checkout,Conference Room,Sea View,Executive Lounge
Suite,Buffet,Free WiFi,Parking,Mini Bar,Business Center,Mountain View,Executive Lounge
Penthouse,Buffet,Spa,City Tour,Late Checkout,Conference Room,Garden View,VIP Service
Single Room,Breakfast,Spa,Airport Shuttle,Mini Bar,Business Center,Sea View,VIP Service
Suite,Lunch,Swimming Pool,Laundry Service,Early Check-in,Business Center,Mountain View,Executive Lounge
Suite,Lunch,Swimming Pool,Airport Shuttle,Early Check-in,Business Center,Garden View,VIP Service
Single Room,Buffet,Spa,Parking,Early Check-in,Business Center,Sea View,VIP Service
Penthouse,Buffet,Free WiFi,City Tour,Room Service,Conference Room,Garden View,VIP Service
Single Room,Dinner,Swimming Pool,Parking,Room Service,Conference Room,Garden View,VIP Service
Single Room,Lunch,Spa,Laundry Service,Room Service,Business Center,Garden View,Executive Lounge
Single Room,Breakfast,Gym,City Tour,Mini Bar,Conference Room,Sea View,VIP Service
Suite,Buffet,Gym,Airport Shuttle,Room Service,Conference Room,Sea View,VIP Service
Penthouse,Dinner,Gym,Airport Shuttle,Early Check-in,Business Center,Garden View,VIP Service
Double Room,Breakfast,Spa,Airport Shuttle,Late Checkout,Conference Room,Mountain View,VIP Service
Suite,Breakfast,Free WiFi,City Tour,Mini Bar,Conference Room,Garden View,VIP Service
Double Room,Dinner,Free WiFi,Parking,Early Check-in,Business Center,Sea View,VIP Service
Single Room,Buffet,Gym,Parking,Late Checkout,Conference Room,Sea View,Executive Lounge
Double Room,Buffet,Gym,Parking,Early Check-in,Business Center,Sea View,Executive Lounge
Suite,Lunch,Swimming Pool,Airport Shuttle,Late Checkout,Conference Room,Sea View,VIP Service
Penthouse,Breakfast,Spa,Laundry Service,Mini Bar,Business Center,Sea View,Executive Lounge
Double Room,Breakfast,Gym,Laundry Service,Late Checkout,Business Center,Garden View,VIP Service
Single Room,Lunch,Gym,Parking,Early Check-in,Conference Room,Garden View,VIP Service
Suite,Lunch,Free WiFi,Laundry Service,Late Checkout,Conference Room,Garden View,VIP Service
Suite,Lunch,Spa,Airport Shuttle,Late Checkout,Business Center,Garden View,Executive Lounge
Single Room,Lunch,Free WiFi,Airport Shuttle,Late Checkout,Conference Room,Mountain View,Executive Lounge
Penthouse,Breakfast,Spa,Airport Shuttle,Mini Bar,Conference Room,Garden View,VIP Service
Suite,Dinner,Spa,Laundry Service,Mini Bar,Conference Room,Garden View,VIP Service
Penthouse,Dinner,Spa,City Tour,Late Checkout,Conference Room,Sea View,VIP Service
Double Room,Lunch,Spa,Parking,Early Check-in,Business Center,Sea View,Executive Lounge
Single Room,Buffet,Gym,Airport Shuttle,Room Service,Conference Room,Mountain View,Executive Lounge
Suite,Buffet,Gym,Laundry Service,Mini Bar,Business Center,Sea View,VIP Service
Single Room,Dinner,Swimming Pool,Laundry Service,Mini Bar,Conference Room,Garden View,VIP Service
Single Room,Dinner,Swimming Pool,Laundry Service,Mini Bar,Conference Room,Mountain View,Executive Lounge
Double Room,Buffet,Swimming Pool,City Tour,Early Check-in,Conference Room,Sea View,Executive Lounge
Suite,Buffet,Free WiFi,Parking,Room Service,Conference Room,Garden View,Executive Lounge
Suite,Dinner,Free WiFi,City Tour,Room Service,Conference Room,Sea View,VIP Service
Penthouse,Lunch,Swimming Pool,Parking,Room Service,Business Center,Sea View,VIP Service
Single Room,Dinner,Swimming Pool,City Tour,Room Service,Conference Room,Garden View,Executive Lounge
Suite,Buffet,Swimming Pool,Airport Shuttle,Mini Bar,Business Center,Garden View,Executive Lounge
Single Room,Buffet,Spa,Laundry Service,Mini Bar,Business Center,Mountain View,VIP Service
Suite,Buffet,Gym,Parking,Early Check-in,Conference Room,Sea View,Executive Lounge
Penthouse,Dinner,Free WiFi,Airport Shuttle,Mini Bar,Business Center,Garden View,Executive Lounge
Double Room,Lunch,Gym,Airport Shuttle,Mini Bar,Business Center,Garden View,Executive Lounge
Single Room,Buffet,Gym,Parking,Late Checkout,Business Center,Mountain View,Executive Lounge
Double Room,Lunch,Swimming Pool,Airport Shuttle,Mini Bar,Business Center,Garden View,VIP Service
Single Room,Buffet,Gym,Laundry Service,Mini Bar,Business Center,Garden View,VIP Service
Single Room,Dinner,Swimming Pool,Parking,Room Service,Business Center,Garden View,VIP Service
Penthouse,Lunch,Free WiFi,Airport Shuttle,Late Checkout,Conference Room,Sea View,VIP Service
Penthouse,Buffet,Spa,City Tour,Late Checkout,Conference Room,Mountain View,VIP Service
Suite,Dinner,Spa,Airport Shuttle,Early Check-in,Business Center,Garden View,Executive Lounge
Single Room,Buffet,Gym,City Tour,Room Service,Business Center,Garden View,Executive Lounge
Double Room,Lunch,Gym,City Tour,Mini Bar,Business Center,Mountain View,VIP Service
Single Room,Buffet,Gym,Airport Shuttle,Late Checkout,Business Center,Garden View,Executive Lounge
Single Room,Buffet,Free WiFi,Airport Shuttle,Mini Bar,Business Center,Sea View,Executive Lounge
Suite,Lunch,Spa,Airport Shuttle,Room Service,Conference Room,Sea View,VIP Service
Single Room,Breakfast,Free WiFi,Parking,Room Service,Conference Room,Garden View,Executive Lounge
Double Room,Lunch,Gym,City Tour,Late Checkout,Conference Room,Mountain View,VIP Service
Single Room,Dinner,Spa,Parking,Room Service,Business Center,Mountain View,Executive Lounge
Suite,Buffet,Swimming Pool,City Tour,Room Service,Conference Room,Sea View,VIP Service
Single Room,Breakfast,Free WiFi,Airport Shuttle,Mini Bar,Business Center,Sea View,VIP Service
Suite,Breakfast,Free WiFi,Airport Shuttle,Mini Bar,Conference Room,Sea View,VIP Service
Double Room,Buffet,Gym,Laundry Service,Mini Bar,Business Center,Garden View,VIP Service
Penthouse,Dinner,Swimming Pool,Airport Shuttle,Late Checkout,Business Center,Sea View,Executive Lounge
Suite,Buffet,Spa,Airport Shuttle,Late Checkout,Conference Room,Sea View,VIP Service
Penthouse,Lunch,Free WiFi,City Tour,Mini Bar,Business Center,Garden View,VIP Service
Penthouse,Breakfast,Gym,Airport Shuttle,Late Checkout,Business Center,Mountain View,VIP Service
Double Room,Breakfast,Swimming Pool,City Tour,Early Check-in,Business Center,Garden View,Executive Lounge
Double Room,Buffet,Free WiFi,City Tour,Room Service,Conference Room,Mountain View,VIP Service
Suite,Dinner,Free WiFi,Laundry Service,Room Service,Business Center,Garden View,Executive Lounge
Penthouse,Dinner,Spa,City Tour,Late Checkout,Business Center,Garden View,VIP Service
Double Room,Buffet,Swimming Pool,Parking,Mini Bar,Conference Room,Garden View,Executive Lounge
Double Room,Dinner,Spa,Parking,Late Checkout,Conference Room,Sea View,Executive Lounge
Suite,Breakfast,Spa,Airport Shuttle,Mini Bar,Business Center,Mountain View,Executive Lounge
Suite,Lunch,Spa,Airport Shuttle,Room Service,Business Center,Garden View,Executive Lounge
Penthouse,Lunch,Spa,Parking,Early Check-in,Conference Room,Sea View,Executive Lounge
Single Room,Dinner,Gym,Parking,Room Service,Conference Room,Garden View,VIP Service
Double Room,Dinner,Spa,City Tour,Mini Bar,Business Center,Garden View,VIP Service
Double Room,Buffet,Gym,City Tour,Late Checkout,Conference Room,Garden View,Executive Lounge
Single Room,Dinner,Spa,Parking,Late Checkout,Business Center,Sea View,Executive Lounge
Double Room,Buffet,Gym,Airport Shuttle,Mini Bar,Conference Room,Garden View,Executive Lounge
Penthouse,Dinner,Spa,Parking,Early Check-in,Conference Room,Sea View,Executive Lounge
Single Room,Lunch,Gym,Parking,Room Service,Conference Room,Garden View,VIP Service
Single Room,Breakfast,Gym,Airport Shuttle,Room Service,Conference Room,Garden View,VIP Service
Double Room,Dinner,Spa,Laundry Service,Late Checkout,Conference Room,Garden View,VIP Service
Suite,Buffet,Swimming Pool,Airport Shuttle,Mini Bar,Conference Room,Sea View,Executive Lounge
Suite,Buffet,Gym,Laundry Service,Room Service,Business Center,Sea View,VIP Service
Single Room,Buffet,Free WiFi,Airport Shuttle,Mini Bar,Business Center,Garden View,VIP Service
Penthouse,Lunch,Spa,Parking,Mini Bar,Business Center,Sea View,Executive Lounge
Double Room,Buffet,Free WiFi,Airport Shuttle,Late Checkout,Conference Room,Mountain View,VIP Service
Single Room,Breakfast,Spa,Airport Shuttle,Mini Bar,Business Center,Garden View,Executive Lounge
Penthouse,Dinner,Gym,Parking,Mini Bar,Conference Room,Sea View,Executive Lounge
Double Room,Dinner,Swimming Pool,Laundry Service,Mini Bar,Conference Room,Sea View,Executive Lounge
Single Room,Dinner,Free WiFi,City Tour,Late Checkout,Conference Room,Sea View,Executive Lounge
Suite,Lunch,Free WiFi,Airport Shuttle,Early Check-in,Conference Room,Garden View,Executive Lounge
Suite,Breakfast,Spa,Parking,Mini Bar,Business Center,Garden View,VIP Service
Penthouse,Lunch,Free WiFi,Airport Shuttle,Early Check-in,Conference Room,Garden View,VIP Service
Penthouse,Dinner,Gym,City Tour,Early Check-in,Conference Room,Mountain View,VIP Service
Double Room,Breakfast,Spa,Laundry Service,Early Check-in,Business Center,Sea View,VIP Service
Penthouse,Lunch,Swimming Pool,Parking,Mini Bar,Conference Room,Mountain View,Executive Lounge
Suite,Breakfast,Swimming Pool,Airport Shuttle,Room Service,Conference Room,Mountain View,VIP Service
Single Room,Lunch,Swimming Pool,Laundry Service,Mini Bar,Conference Room,Garden View,VIP Service
Double Room,Lunch,Spa,City Tour,Late Checkout,Business Center,Garden View,VIP Service
Double Room,Buffet,Swimming Pool,Airport Shuttle,Late Checkout,Business Center,Mountain View,VIP Service
Penthouse,Dinner,Gym,Airport Shuttle,Late Checkout,Business Center,Garden View,VIP Service
Suite,Lunch,Gym,City Tour,Early Check-in,Business Center,Sea View,Executive Lounge
Double Room,Lunch,Gym,Parking,Room Service,Business Center,Garden View,VIP Service
Single Room,Lunch,Spa,Airport Shuttle,Late Checkout,Business Center,Sea View,Executive Lounge
Penthouse,Lunch,Swimming Pool,Parking,Late Checkout,Conference Room,Mountain View,Executive Lounge
Suite,Lunch,Spa,City Tour,Late Checkout,Business Center,Sea View,VIP Service
Suite,Buffet,Spa,Laundry Service,Late Checkout,Business Center,Mountain View,VIP Service
Suite,Buffet,Gym,Laundry Service,Mini Bar,Conference Room,Garden View,VIP Service
Double Room,Dinner,Swimming Pool,Parking,Late Checkout,Conference Room,Sea View,VIP Service
Double Room,Breakfast,Free WiFi,Laundry Service,Early Check-in,Conference Room,Sea View,VIP Service
Suite,Breakfast,Spa,Laundry Service,Room Service,Business Center,Sea View,VIP Service
Single Room,Dinner,Spa,Laundry Service,Late Checkout,Conference Room,Sea View,VIP Service
Single Room,Dinner,Spa,City Tour,Mini Bar,Business Center,Garden View,VIP Service
Penthouse,Dinner,Spa,Parking,Early Check-in,Conference Room,Sea View,Executive Lounge
Suite,Buffet,Spa,Parking,Room Service,Conference Room,Mountain View,Executive Lounge
Double Room,Dinner,Spa,Laundry Service,Late Checkout,Business Center,Sea View,Executive Lounge
Double Room,Lunch,Swimming Pool,Airport Shuttle,Room Service,Conference Room,Garden View,Executive Lounge
Double Room,Breakfast,Swimming Pool,City Tour,Early Check-in,Conference Room,Garden View,VIP Service
Penthouse,Breakfast,Free WiFi,Laundry Service,Late Checkout,Business Center,Garden View,VIP Service
Double Room,Dinner,Free WiFi,Laundry Service,Mini Bar,Business Center,Garden View,VIP Service
Double Room,Lunch,Swimming Pool,Laundry Service,Room Service,Conference Room,Sea View,Executive Lounge
Double Room,Buffet,Free WiFi,City Tour,Early Check-in,Business Center,Mountain View,Executive Lounge
Suite,Buffet,Free WiFi,City Tour,Mini Bar,Conference Room,Sea View,VIP Service
Penthouse,Lunch,Free WiFi,City Tour,Early Check-in,Conference Room,Mountain View,Executive Lounge
Penthouse,Buffet,Gym,City Tour,Late Checkout,Conference Room,Mountain View,Executive Lounge
Double Room,Dinner,Free WiFi,Laundry Service,Early Check-in,Conference Room,Garden View,VIP Service
Single Room,Buffet,Gym,Airport Shuttle,Late Checkout,Conference Room,Mountain View,VIP Service
Double Room,Buffet,Gym,City Tour,Mini Bar,Business Center,Sea View,Executive Lounge
Double Room,Breakfast,Swimming Pool,City Tour,Mini Bar,Business Center,Garden View,VIP Service
Double Room,Dinner,Swimming Pool,Airport Shuttle,Early Check-in,Business Center,Sea View,Executive Lounge
Suite,Buffet,Swimming Pool,City Tour,Early Check-in,Conference Room,Garden View,Executive Lounge
Penthouse,Dinner,Swimming Pool,Laundry Service,Room Service,Business Center,Sea View,VIP Service
Double Room,Buffet,Swimming Pool,Airport Shuttle,Late Checkout,Business Center,Mountain View,Executive Lounge
Suite,Breakfast,Spa,City Tour,Mini Bar,Conference Room,Garden View,Executive Lounge
Double Room,Breakfast,Swimming Pool,Laundry Service,Late Checkout,Conference Room,Mountain View,VIP Service
Suite,Dinner,Spa,City Tour,Late Checkout,Conference Room,Garden View,VIP Service
Penthouse,Dinner,Free WiFi,Airport Shuttle,Room Service,Conference Room,Mountain View,VIP Service
Single Room,Buffet,Gym,Laundry Service,Late Checkout,Conference Room,Mountain View,Executive Lounge
Suite,Lunch,Gym,Airport Shuttle,Late Checkout,Business Center,Mountain View,Executive Lounge
Suite,Lunch,Free WiFi,City Tour,Mini Bar,Business Center,Garden View,Executive Lounge
Suite,Buffet,Swimming Pool,Laundry Service,Late Checkout,Conference Room,Mountain View,Executive Lounge
Single Room,Dinner,Spa,Parking,Early Check-in,Business Center,Mountain View,Executive Lounge
Suite,Lunch,Spa,Laundry Service,Late Checkout,Conference Room,Garden View,VIP Service
Suite,Dinner,Swimming Pool,Parking,Early Check-in,Conference Room,Garden View,VIP Service
Double Room,Dinner,Gym,Parking,Late Checkout,Business Center,Garden View,Executive Lounge
Double Room,Lunch,Free WiFi,Laundry Service,Late Checkout,Conference Room,Mountain View,Executive Lounge
Double Room,Dinner,Swimming Pool,City Tour,Room Service,Conference Room,Garden View,VIP Service
Suite,Dinner,Spa,City Tour,Room Service,Conference Room,Sea View,VIP Service
Penthouse,Breakfast,Gym,City Tour,Early Check-in,Business Center,Mountain View,VIP Service
Suite,Dinner,Free WiFi,Laundry Service,Early Check-in,Business Center,Mountain View,Executive Lounge
Suite,Breakfast,Spa,Parking,Mini Bar,Business Center,Mountain View,Executive Lounge
Double Room,Lunch,Swimming Pool,Parking,Room Service,Business Center,Garden View,Executive Lounge
Single Room,Buffet,Gym,City Tour,Late Checkout,Business Center,Sea View,Executive Lounge
Double Room,Buffet,Swimming Pool,Laundry Service,Early Check-in,Business Center,Sea View,Executive Lounge
Penthouse,Breakfast,Gym,City Tour,Room Service,Conference Room,Garden View,VIP Service
Penthouse,Dinner,Swimming Pool,Laundry Service,Late Checkout,Business Center,Sea View,Executive Lounge
Penthouse,Dinner,Swimming Pool,City Tour,Late Checkout,Business Center,Mountain View,Executive Lounge
Single Room,Lunch,Swimming Pool,Parking,Late Checkout,Conference Room,Sea View,Executive Lounge
Suite,Buffet,Gym,Parking,Mini Bar,Conference Room,Sea View,VIP Service
Suite,Buffet,Gym,Parking,Room Service,Conference Room,Garden View,VIP Service
Penthouse,Lunch,Gym,Parking,Room Service,Business Center,Sea View,VIP Service
Penthouse,Breakfast,Free WiFi,Parking,Late Checkout,Conference Room,Sea View,Executive Lounge
Double Room,Lunch,Free WiFi,City Tour,Room Service,Conference Room,Mountain View,Executive Lounge
Penthouse,Dinner,Spa,Laundry Service,Mini Bar,Conference Room,Mountain View,VIP Service
Single Room,Dinner,Free WiFi,Airport Shuttle,Late Checkout,Conference Room,Garden View,VIP Service
Suite,Dinner,Free WiFi,City Tour,Early Check-in,Business Center,Garden View,VIP Service
Single Room,Lunch,Spa,Laundry Service,Mini Bar,Conference Room,Garden View,Executive Lounge
Suite,Breakfast,Free WiFi,City Tour,Room Service,Business Center,Garden View,VIP Service
Double Room,Lunch,Swimming Pool,City Tour,Late Checkout,Conference Room,Garden View,Executive Lounge
Double Room,Buffet,Swimming Pool,City Tour,Mini Bar,Business Center,Mountain View,Executive Lounge
Single Room,Dinner,Gym,Parking,Mini Bar,Conference Room,Sea View,VIP Service
Suite,Lunch,Spa,Airport Shuttle,Early Check-in,Business Center,Mountain View,Executive Lounge
Double Room,Dinner,Spa,Airport Shuttle,Room Service,Business Center,Garden View,Executive Lounge
Penthouse,Buffet,Gym,Laundry Service,Room Service,Conference Room,Garden View,Executive Lounge
Single Room,Dinner,Gym,City Tour,Early Check-in,Business Center,Mountain View,VIP Service
Suite,Breakfast,Free WiFi,City Tour,Late Checkout,Conference Room,Mountain View,VIP Service
Penthouse,Lunch,Swimming Pool,Airport Shuttle,Early Check-in,Business Center,Mountain View,VIP Service
Penthouse,Lunch,Spa,Parking,Mini Bar,Business Center,Mountain View,VIP Service
Suite,Lunch,Spa,Parking,Room Service,Conference Room,Mountain View,Executive Lounge
Suite,Buffet,Free WiFi,Parking,Early Check-in,Conference Room,Garden View,Executive Lounge
Penthouse,Buffet,Swimming Pool,City Tour,Early Check-in,Business Center,Garden View,Executive Lounge
Single Room,Lunch,Spa,Laundry Service,Room Service,Conference Room,Mountain View,Executive Lounge
Penthouse,Buffet,Free WiFi,Parking,Early Check-in,Conference Room,Garden View,Executive Lounge
Double Room,Lunch,Free WiFi,Airport Shuttle,Late Checkout,Business Center,Sea View,VIP Service
Double Room,Breakfast,Swimming Pool,Laundry Service,Late Checkout,Conference Room,Sea View,VIP Service
Penthouse,Breakfast,Gym,Airport Shuttle,Early Check-in,Conference Room,Garden View,Executive Lounge
Single Room,Dinner,Free WiFi,Laundry Service,Room Service,Conference Room,Mountain View,VIP Service
Penthouse,Buffet,Free WiFi,Airport Shuttle,Early Check-in,Business Center,Sea View,Executive Lounge
Penthouse,Breakfast,Free WiFi,Parking,Mini Bar,Business Center,Garden View,Executive Lounge
Double Room,Dinner,Swimming Pool,Airport Shuttle,Room Service,Conference Room,Mountain View,Executive Lounge
Suite,Dinner,Free WiFi,City Tour,Late Checkout,Conference Room,Garden View,VIP Service
Penthouse,Lunch,Free WiFi,City Tour,Room Service,Business Center,Sea View,VIP Service
Penthouse,Buffet,Free WiFi,Laundry Service,Late Checkout,Business Center,Mountain View,Executive Lounge
Penthouse,Dinner,Spa,Parking,Mini Bar,Conference Room,Mountain View,VIP Service
Suite,Lunch,Spa,Laundry Service,Early Check-in,Conference Room,Garden View,Executive Lounge
Single Room,Breakfast,Swimming Pool,City Tour,Room Service,Conference Room,Mountain View,Executive Lounge
Penthouse,Buffet,Free WiFi,City Tour,Late Checkout,Business Center,Garden View,VIP Service
Penthouse,Breakfast,Swimming Pool,City Tour,Early Check-in,Business Center,Garden View,VIP Service
Penthouse,Buffet,Free WiFi,Parking,Early Check-in,Business Center,Garden View,VIP Service
Double Room,Buffet,Spa,Airport Shuttle,Late Checkout,Business Center,Mountain View,VIP Service
Single Room,Lunch,Swimming Pool,Airport Shuttle,Late Checkout,Business Center,Garden View,Executive Lounge
Double Room,Breakfast,Swimming Pool,Airport Shuttle,Mini Bar,Conference Room,Mountain View,Executive Lounge
Suite,Dinner,Swimming Pool,Laundry Service,Early Check-in,Conference Room,Garden View,VIP Service
Penthouse,Lunch,Gym,Laundry Service,Mini Bar,Conference Room,Garden View,VIP Service
Suite,Buffet,Gym,Airport Shuttle,Early Check-in,Conference Room,Sea View,VIP Service
Single Room,Buffet,Swimming Pool,Parking,Room Service,Conference Room,Sea View,VIP Service
Suite,Buffet,Swimming Pool,Airport Shuttle,Mini Bar,Business Center,Mountain View,Executive Lounge
Penthouse,Lunch,Spa,Parking,Mini Bar,Conference Room,Mountain View,Executive Lounge
Double Room,Dinner,Spa,Airport Shuttle,Early Check-in,Business Center,Garden View,Executive Lounge
Single Room,Breakfast,Gym,Laundry Service,Mini Bar,Conference Room,Mountain View,Executive Lounge
Single Room,Buffet,Swimming Pool,Parking,Mini Bar,Business Center,Mountain View,VIP Service
Double Room,Breakfast,Spa,Airport Shuttle,Late Checkout,Business Center,Mountain View,VIP Service
Suite,Lunch,Swimming Pool,Parking,Late Checkout,Conference Room,Mountain View,VIP Service
Single Room,Dinner,Swimming Pool,City Tour,Room Service,Business Center,Mountain View,VIP Service
Double Room,Breakfast,Spa,Airport Shuttle,Mini Bar,Conference Room,Mountain View,Executive Lounge
Double Room,Breakfast,Free WiFi,Laundry Service,Late Checkout,Conference Room,Garden View,Executive Lounge
Single Room,Dinner,Gym,Parking,Room Service,Conference Room,Garden View,Executive Lounge
Penthouse,Dinner,Swimming Pool,Parking,Mini Bar,Conference Room,Sea View,Executive Lounge
Penthouse,Lunch,Gym,Laundry Service,Room Service,Business Center,Sea View,Executive Lounge
Penthouse,Buffet,Gym,Parking,Mini Bar,Conference Room,Sea View,Executive Lounge
Double Room,Breakfast,Gym,Airport Shuttle,Late Checkout,Business Center,Garden View,VIP Service
Penthouse,Buffet,Swimming Pool,Laundry Service,Early Check-in,Conference Room,Sea View,VIP Service
Single Room,Dinner,Free WiFi,Parking,Late Checkout,Conference Room,Garden View,Executive Lounge
Single Room,Dinner,Free WiFi,Laundry Service,Late Checkout,Business Center,Sea View,Executive Lounge
Double Room,Dinner,Gym,Parking,Early Check-in,Business Center,Sea View,Executive Lounge
Single Room,Buffet,Gym,City Tour,Room Service,Conference Room,Sea View,VIP Service
Penthouse,Breakfast,Swimming Pool,Laundry Service,Room Service,Business Center,Sea View,Executive Lounge
Suite,Dinner,Free WiFi,Airport Shuttle,Mini Bar,Conference Room,Mountain View,Executive Lounge
Single Room,Dinner,Swimming Pool,Laundry Service,Early Check-in,Conference Room,Mountain View,Executive Lounge
Single Room,Breakfast,Spa,City Tour,Room Service,Conference Room,Mountain View,Executive Lounge
Penthouse,Lunch,Free WiFi,Laundry Service,Mini Bar,Business Center,Mountain View,Executive Lounge
Penthouse,Breakfast,Spa,City Tour,Late Checkout,Conference Room,Sea View,VIP Service
Double Room,Lunch,Spa,City Tour,Mini Bar,Business Center,Garden View,VIP Service
Single Room,Buffet,Gym,Airport Shuttle,Room Service,Business Center,Garden View,VIP Service
Penthouse,Lunch,Spa,Parking,Late Checkout,Business Center,Garden View,VIP Service
Double Room,Breakfast,Spa,City Tour,Room Service,Business Center,Mountain View,Executive Lounge
Single Room,Dinner,Swimming Pool,Airport Shuttle,Room Service,Business Center,Garden View,Executive Lounge
Single Room,Breakfast,Spa,Parking,Early Check-in,Business Center,Mountain View,VIP Service
Single Room,Lunch,Free WiFi,City Tour,Late Checkout,Conference Room,Sea View,Executive Lounge
Suite,Lunch,Spa,Airport Shuttle,Room Service,Conference Room,Sea View,Executive Lounge
Suite,Breakfast,Free WiFi,City Tour,Early Check-in,Business Center,Mountain View,VIP Service
Double Room,Lunch,Spa,City Tour,Late Checkout,Conference Room,Mountain View,Executive Lounge
Single Room,Breakfast,Free WiFi,Laundry Service,Room Service,Conference Room,Mountain View,Executive Lounge
Penthouse,Buffet,Free WiFi,City Tour,Early Check-in,Conference Room,Sea View,VIP Service
Double Room,Breakfast,Gym,City Tour,Early Check-in,Conference Room,Garden View,VIP Service
Penthouse,Buffet,Gym,Laundry Service,Mini Bar,Business Center,Sea View,Executive Lounge
Suite,Lunch,Free WiFi,Laundry Service,Early Check-in,Conference Room,Garden View,Executive Lounge
Double Room,Lunch,Free WiFi,Airport Shuttle,Early Check-in,Business Center,Sea View,Executive Lounge
Suite,Buffet,Free WiFi,Laundry Service,Early Check-in,Conference Room,Sea View,VIP Service
Double Room,Lunch,Spa,City Tour,Early Check-in,Business Center,Garden View,Executive Lounge
Suite,Buffet,Free WiFi,Laundry Service,Room Service,Conference Room,Mountain View,VIP Service
Single Room,Lunch,Free WiFi,City Tour,Mini Bar,Business Center,Sea View,Executive Lounge
Single Room,Buffet,Gym,City Tour,Late Checkout,Conference Room,Garden View,VIP Service
Single Room,Dinner,Free WiFi,Airport Shuttle,Room Service,Business Center,Garden View,Executive Lounge
Single Room,Breakfast,Free WiFi,Parking,Late Checkout,Business Center,Mountain View,VIP Service
Suite,Buffet,Spa,Parking,Early Check-in,Business Center,Mountain View,Executive Lounge
Double Room,Breakfast,Gym,Laundry Service,Mini Bar,Business Center,Garden View,VIP Service
Single Room,Breakfast,Swimming Pool,Laundry Service,Mini Bar,Conference Room,Garden View,Executive Lounge
Double Room,Buffet,Swimming Pool,Airport Shuttle,Early Check-in,Conference Room,Sea View,VIP Service
Single Room,Breakfast,Spa,Airport Shuttle,Late Checkout,Business Center,Mountain View,VIP Service
Suite,Dinner,Gym,City Tour,Early Check-in,Business Center,Sea View,Executive Lounge
Suite,Buffet,Swimming Pool,Parking,Late Checkout,Business Center,Sea View,Executive Lounge
Single Room,Lunch,Spa,Parking,Early Check-in,Conference Room,Garden View,VIP Service
Penthouse,Breakfast,Free WiFi,Parking,Mini Bar,Business Center,Sea View,Executive Lounge
Double Room,Breakfast,Swimming Pool,Laundry Service,Late Checkout,Conference Room,Mountain View,VIP Service
Suite,Dinner,Gym,Parking,Mini Bar,Conference Room,Mountain View,Executive Lounge
Single Room,Dinner,Swimming Pool,Parking,Early Check-in,Conference Room,Garden View,Executive Lounge
Suite,Breakfast,Gym,City Tour,Room Service,Conference Room,Mountain View,VIP Service
Double Room,Breakfast,Gym,Laundry Service,Late Checkout,Conference Room,Garden View,VIP Service
Penthouse,Buffet,Gym,Airport Shuttle,Mini Bar,Business Center,Garden View,Executive Lounge
Penthouse,Lunch,Gym,City Tour,Mini Bar,Conference Room,Mountain View,Executive Lounge
Single Room,Buffet,Swimming Pool,Airport Shuttle,Mini Bar,Conference Room,Garden View,Executive Lounge
Penthouse,Buffet,Free WiFi,Parking,Early Check-in,Business Center,Garden View,VIP Service
Single Room,Dinner,Spa,Parking,Mini Bar,Business Center,Mountain View,Executive Lounge
Single Room,Buffet,Gym,Laundry Service,Mini Bar,Conference Room,Mountain View,Executive Lounge
Single Room,Breakfast,Spa,Airport Shuttle,Late Checkout,Conference Room,Garden View,Executive Lounge
Single Room,Buffet,Gym,Parking,Early Check-in,Business Center,Garden View,Executive Lounge
Suite,Breakfast,Free WiFi,Parking,Mini Bar,Business Center,Mountain View,VIP Service
Double Room,Dinner,Spa,City Tour,Late Checkout,Business Center,Sea View,VIP Service
Double Room,Breakfast,Gym,Airport Shuttle,Room Service,Conference Room,Sea View,VIP Service
Double Room,Buffet,Swimming Pool,Laundry Service,Early Check-in,Business Center,Garden View,Executive Lounge
Suite,Lunch,Spa,Parking,Early Check-in,Conference Room,Garden View,VIP Service
Single Room,Lunch,Gym,Airport Shuttle,Early Check-in,Conference Room,Sea View,VIP Service
Double Room,Dinner,Spa,Laundry Service,Early Check-in,Conference Room,Mountain View,Executive Lounge
Double Room,Breakfast,Spa,Airport Shuttle,Room Service,Conference Room,Mountain View,Executive Lounge
Single Room,Buffet,Gym,Airport Shuttle,Room Service,Business Center,Garden View,VIP Service
Double Room,Buffet,Swimming Pool,Parking,Late Checkout,Business Center,Mountain View,Executive Lounge
Single Room,Dinner,Gym,Airport Shuttle,Late Checkout,Conference Room,Garden View,VIP Service
Single Room,Breakfast,Swimming Pool,Parking,Late Checkout,Conference Room,Sea View,Executive Lounge
Double Room,Dinner,Swimming Pool,Laundry Service,Early Check-in,Business Center,Mountain View,VIP Service
Suite,Dinner,Gym,City Tour,Mini Bar,Business Center,Mountain View,Executive Lounge
Single Room,Breakfast,Spa,Laundry Service,Mini Bar,Conference Room,Sea View,VIP Service
Suite,Dinner,Free WiFi,City Tour,Early Check-in,Conference Room,Garden View,VIP Service
Penthouse,Dinner,Swimming Pool,Parking,Early Check-in,Business Center,Mountain View,Executive Lounge
Single Room,Dinner,Free WiFi,Airport Shuttle,Early Check-in,Conference Room,Garden View,Executive Lounge
Double Room,Dinner,Free WiFi,City Tour,Early Check-in,Conference Room,Garden View,Executive Lounge
Single Room,Dinner,Swimming Pool,Airport Shuttle,Early Check-in,Business Center,Sea View,Executive Lounge
Penthouse,Lunch,Spa,City Tour,Early Check-in,Conference Room,Mountain View,VIP Service
Double Room,Dinner,Free WiFi,Laundry Service,Early Check-in,Conference Room,Mountain View,VIP Service
Double Room,Lunch,Gym,Parking,Late Checkout,Conference Room,Sea View,VIP Service
Double Room,Dinner,Spa,Laundry Service,Mini Bar,Conference Room,Sea View,Executive Lounge
Suite,Buffet,Free WiFi,Laundry Service,Room Service,Conference Room,Mountain View,Executive Lounge
Single Room,Lunch,Gym,City Tour,Room Service,Business Center,Garden View,Executive Lounge
Single Room,Breakfast,Gym,Laundry Service,Room Service,Conference Room,Garden View,Executive Lounge
Penthouse,Buffet,Spa,Airport Shuttle,Mini Bar,Business Center,Garden View,Executive Lounge
Single Room,Buffet,Gym,City Tour,Room Service,Business Center,Mountain View,VIP Service
Single Room,Breakfast,Swimming Pool,City Tour,Early Check-in,Business Center,Mountain View,VIP Service
Penthouse,Dinner,Gym,City Tour,Room Service,Conference Room,Garden View,VIP Service
Suite,Buffet,Spa,Parking,Late Checkout,Business Center,Sea View,Executive Lounge
Single Room,Buffet,Gym,Parking,Late Checkout,Conference Room,Garden View,VIP Service
Double Room,Breakfast,Swimming Pool,Airport Shuttle,Mini Bar,Business Center,Sea View,Executive Lounge
Single Room,Lunch,Swimming Pool,Laundry Service,Early Check-in,Business Center,Garden View,Executive Lounge
Double Room,Breakfast,Swimming Pool,City Tour,Room Service,Conference Room,Garden View,Executive Lounge
Penthouse,Lunch,Free WiFi,Parking,Late Checkout,Conference Room,Garden View,Executive Lounge
Double Room,Buffet,Spa,Parking,Late Checkout,Conference Room,Mountain View,Executive Lounge
Single Room,Lunch,Free WiFi,Airport Shuttle,Late Checkout,Business Center,Sea View,Executive Lounge
Single Room,Breakfast,Spa,Parking,Early Check-in,Business Center,Sea View,VIP Service
Single Room,Breakfast,Spa,Parking,Room Service,Conference Room,Garden View,Executive Lounge
Single Room,Buffet,Gym,Laundry Service,Mini Bar,Conference Room,Sea View,VIP Service
Penthouse,Lunch,Swimming Pool,Airport Shuttle,Early Check-in,Business Center,Mountain View,Executive Lounge
Suite,Buffet,Spa,Laundry Service,Late Checkout,Business Center,Mountain View,VIP Service
Single Room,Dinner,Spa,Parking,Late Checkout,Conference Room,Garden View,VIP Service
Single Room,Breakfast,Gym,City Tour,Room Service,Conference Room,Mountain View,VIP Service
Single Room,Lunch,Swimming Pool,Parking,Late Checkout,Business Center,Sea View,VIP Service
Double Room,Breakfast,Spa,Airport Shuttle,Late Checkout,Business Center,Sea View,Executive Lounge
Double Room,Buffet,Free WiFi,City Tour,Early Check-in,Business Center,Mountain View,Executive Lounge
Suite,Buffet,Gym,Airport Shuttle,Room Service,Conference Room,Garden View,Executive Lounge
Double Room,Lunch,Gym,Parking,Early Check-in,Business Center,Sea View,Executive Lounge
Suite,Buffet,Free WiFi,City Tour,Room Service,Business Center,Sea View,Executive Lounge
Single Room,Dinner,Free WiFi,Laundry Service,Room Service,Conference Room,Sea View,VIP Service
Single Room,Lunch,Spa,Airport Shuttle,Early Check-in,Conference Room,Sea View,VIP Service
Penthouse,Lunch,Spa,Airport Shuttle,Mini Bar,Conference Room,Sea View,Executive Lounge
Single Room,Dinner,Spa,Parking,Room Service,Conference Room,Sea View,Executive Lounge
Single Room,Breakfast,Swimming Pool,Airport Shuttle,Late Checkout,Conference Room,Garden View,Executive Lounge
Single Room,Lunch,Gym,Laundry Service,Early Check-in,Business Center,Sea View,VIP Service
Penthouse,Buffet,Spa,Laundry Service,Room Service,Business Center,Mountain View,Executive Lounge
Suite,Dinner,Spa,Laundry Service,Early Check-in,Conference Room,Garden View,VIP Service
Single Room,Dinner,Gym,City Tour,Room Service,Conference Room,Garden View,VIP Service
Penthouse,Breakfast,Spa,Laundry Service,Late Checkout,Conference Room,Garden View,VIP Service
Single Room,Dinner,Free WiFi,Laundry Service,Early Check-in,Conference Room,Mountain View,Executive Lounge
Suite,Breakfast,Spa,Parking,Late Checkout,Business Center,Mountain View,Executive Lounge
Suite,Breakfast,Spa,Laundry Service,Room Service,Business Center,Sea View,Executive Lounge
Penthouse,Dinner,Spa,Airport Shuttle,Mini Bar,Business Center,Garden View,Executive Lounge
Double Room,Breakfast,Gym,Airport Shuttle,Room Service,Conference Room,Mountain View,VIP Service
Single Room,Breakfast,Gym,Laundry Service,Early Check-in,Business Center,Sea View,Executive Lounge
Single Room,Dinner,Free WiFi,City Tour,Room Service,Conference Room,Sea View,Executive Lounge
Single Room,Buffet,Free WiFi,Parking,Early Check-in,Conference Room,Garden View,Executive Lounge
Double Room,Breakfast,Spa,City Tour,Mini Bar,Business Center,Mountain View,VIP Service
Single Room,Breakfast,Gym,Laundry Service,Mini Bar,Conference Room,Mountain View,VIP Service
Double Room,Breakfast,Swimming Pool,Parking,Late Checkout,Conference Room,Sea View,VIP Service
Single Room,Buffet,Swimming Pool,Parking,Early Check-in,Business Center,Sea View,VIP Service
Penthouse,Buffet,Spa,Laundry Service,Mini Bar,Conference Room,Garden View,VIP Service
Single Room,Buffet,Spa,Airport Shuttle,Mini Bar,Conference Room,Garden View,VIP Service
Suite,Lunch,Swimming Pool,City Tour,Late Checkout,Business Center,Sea View,VIP Service
Suite,Lunch,Free WiFi,City Tour,Mini Bar,Conference Room,Mountain View,Executive Lounge
Double Room,Lunch,Gym,Parking,Room Service,Business Center,Sea View,Executive Lounge
Double Room,Buffet,Spa,Airport Shuttle,Early Check-in,Conference Room,Mountain View,VIP Service
Single Room,Lunch,Free WiFi,Laundry Service,Room Service,Conference Room,Sea View,Executive Lounge
Suite,Dinner,Spa,Airport Shuttle,Room Service,Business Center,Garden View,Executive Lounge
Penthouse,Dinner,Gym,City Tour,Late Checkout,Business Center,Garden View,Executive Lounge
Single Room,Lunch,Gym,Laundry Service,Early Check-in,Conference Room,Mountain View,Executive Lounge
Single Room,Buffet,Spa,Laundry Service,Mini Bar,Business Center,Mountain View,VIP Service
Double Room,Breakfast,Free WiFi,Laundry Service,Early Check-in,Conference Room,Garden View,VIP Service
Single Room,Buffet,Free WiFi,Airport Shuttle,Late Checkout,Business Center,Sea View,VIP Service
Double Room,Dinner,Swimming Pool,Laundry Service,Early Check-in,Business Center,Mountain View,VIP Service
Double Room,Breakfast,Spa,Laundry Service,Early Check-in,Conference Room,Mountain View,Executive Lounge
Double Room,Dinner,Swimming Pool,Airport Shuttle,Late Checkout,Conference Room,Mountain View,VIP Service
Double Room,Dinner,Swimming Pool,Parking,Mini Bar,Conference Room,Sea View,Executive Lounge
Penthouse,Dinner,Swimming Pool,Parking,Mini Bar,Business Center,Mountain View,Executive Lounge
Penthouse,Breakfast,Spa,Parking,Mini Bar,Conference Room,Sea View,Executive Lounge
Penthouse,Buffet,Gym,Parking,Early Check-in,Conference Room,Garden View,Executive Lounge
Penthouse,Lunch,Swimming Pool,Parking,Early Check-in,Business Center,Garden View,VIP Service
Suite,Dinner,Spa,Laundry Service,Room Service,Conference Room,Garden View,VIP Service
Penthouse,Dinner,Spa,Parking,Late Checkout,Business Center,Mountain View,VIP Service
Suite,Buffet,Spa,City Tour,Late Checkout,Conference Room,Mountain View,VIP Service
Suite,Buffet,Free WiFi,Parking,Early Check-in,Conference Room,Garden View,Executive Lounge
Suite,Breakfast,Swimming Pool,City Tour,Late Checkout,Conference Room,Garden View,Executive Lounge
Single Room,Breakfast,Free WiFi,Parking,Late Checkout,Business Center,Sea View,Executive Lounge
Suite,Breakfast,Spa,Parking,Early Check-in,Business Center,Mountain View,Executive Lounge
Suite,Buffet,Free WiFi,Parking,Mini Bar,Business Center,Mountain View,VIP Service
Suite,Dinner,Free WiFi,City Tour,Mini Bar,Business Center,Garden View,VIP Service
Penthouse,Dinner,Spa,Airport Shuttle,Room Service,Business Center,Mountain View,Executive Lounge
Double Room,Buffet,Gym,Parking,Early Check-in,Conference Room,Sea View,Executive Lounge
Suite,Buffet,Gym,City Tour,Mini Bar,Business Center,Garden View,Executive Lounge
Suite,Buffet,Free WiFi,City Tour,Late Checkout,Conference Room,Mountain View,Executive Lounge
Suite,Breakfast,Gym,Parking,Room Service,Business Center,Sea View,VIP Service
Single Room,Breakfast,Swimming Pool,Parking,Late Checkout,Conference Room,Sea View,VIP Service
Single Room,Buffet,Spa,City Tour,Mini Bar,Conference Room,Mountain View,VIP Service
Suite,Lunch,Free WiFi,City Tour,Late Checkout,Conference Room,Mountain View,Executive Lounge
Double Room,Buffet,Free WiFi,Airport Shuttle,Mini Bar,Business Center,Sea View,Executive Lounge
Suite,Dinner,Free WiFi,Airport Shuttle,Room Service,Conference Room,Sea View,VIP Service
Double Room,Dinner,Swimming Pool,Parking,Room Service,Business Center,Garden View,Executive Lounge
Single Room,Lunch,Free WiFi,Parking,Room Service,Conference Room,Garden View,Executive Lounge
Penthouse,Buffet,Swimming Pool,Laundry Service,Mini Bar,Conference Room,Sea View,VIP Service
Double Room,Breakfast,Free WiFi,City Tour,Room Service,Business Center,Mountain View,Executive Lounge
Double Room,Dinner,Free WiFi,Parking,Mini Bar,Business Center,Garden View,VIP Service
Double Room,Breakfast,Gym,Airport Shuttle,Room Service,Conference Room,Mountain View,Executive Lounge
Penthouse,Buffet,Gym,Parking,Late Checkout,Conference Room,Garden View,VIP Service
Single Room,Buffet,Gym,Laundry Service,Room Service,Conference Room,Sea View,VIP Service
Penthouse,Breakfast,Swimming Pool,Parking,Late Checkout,Conference Room,Mountain View,VIP Service
Single Room,Dinner,Spa,Airport Shuttle,Early Check-in,Conference Room,Garden View,Executive Lounge
Single Room,Lunch,Gym,City Tour,Late Checkout,Business Center,Garden View,Executive Lounge
Suite,Dinner,Swimming Pool,City Tour,Early Check-in,Business Center,Mountain View,VIP Service
Suite,Dinner,Gym,Airport Shuttle,Mini Bar,Conference Room,Garden View,VIP Service
Single Room,Buffet,Gym,Laundry Service,Mini Bar,Business Center,Mountain View,Executive Lounge
Single Room,Dinner,Free WiFi,Parking,Mini Bar,Business Center,Garden View,Executive Lounge
Suite,Lunch,Gym,Airport Shuttle,Early Check-in,Business Center,Mountain View,VIP Service
Single Room,Breakfast,Swimming Pool,Parking,Late Checkout,Business Center,Sea View,VIP Service
Suite,Dinner,Spa,Airport Shuttle,Room Service,Conference Room,Sea View,VIP Service
Penthouse,Buffet,Swimming Pool,Airport Shuttle,Room Service,Conference Room,Garden View,Executive Lounge
Double Room,Buffet,Free WiFi,Parking,Late Checkout,Conference Room,Garden View,VIP Service
Single Room,Dinner,Spa,Airport Shuttle,Early Check-in,Business Center,Mountain View,Executive Lounge
Single Room,Lunch,Spa,Parking,Room Service,Business Center,Mountain View,Executive Lounge
Suite,Lunch,Spa,City Tour,Room Service,Conference Room,Mountain View,VIP Service
Penthouse,Buffet,Free WiFi,Airport Shuttle,Room Service,Business Center,Mountain View,Executive Lounge
Double Room,Buffet,Swimming Pool,City Tour,Mini Bar,Conference Room,Mountain View,Executive Lounge
Suite,Buffet,Spa,Parking,Room Service,Conference Room,Sea View,VIP Service
Double Room,Lunch,Gym,Laundry Service,Mini Bar,Conference Room,Sea View,Executive Lounge
Single Room,Buffet,Swimming Pool,Parking,Late Checkout,Business Center,Garden View,VIP Service
Double Room,Dinner,Free WiFi,City Tour,Room Service,Business Center,Garden View,Executive Lounge
Suite,Dinner,Spa,Airport Shuttle,Early Check-in,Business Center,Mountain View,Executive Lounge
Double Room,Lunch,Gym,Airport Shuttle,Early Check-in,Business Center,Mountain View,VIP Service
Suite,Breakfast,Gym,Airport Shuttle,Late Checkout,Business Center,Garden View,VIP Service
Suite,Buffet,Spa,City Tour,Room Service,Conference Room,Sea View,VIP Service
Single Room,Buffet,Spa,Parking,Late Checkout,Conference Room,Garden View,Executive Lounge
Double Room,Breakfast,Spa,City Tour,Late Checkout,Business Center,Mountain View,VIP Service
Penthouse,Breakfast,Free WiFi,Parking,Mini Bar,Conference Room,Sea View,Executive Lounge
Single Room,Lunch,Free WiFi,Airport Shuttle,Room Service,Business Center,Garden View,VIP Service
Double Room,Breakfast,Swimming Pool,Airport Shuttle,Late Checkout,Business Center,Mountain View,Executive Lounge
Double Room,Lunch,Spa,Airport Shuttle,Late Checkout,Conference Room,Mountain View,Executive Lounge
Penthouse,Lunch,Spa,Laundry Service,Early Check-in,Business Center,Garden View,Executive Lounge
Double Room,Dinner,Free WiFi,Laundry Service,Room Service,Conference Room,Sea View,VIP Service
Penthouse,Dinner,Spa,Airport Shuttle,Mini Bar,Conference Room,Garden View,Executive Lounge
Double Room,Dinner,Swimming Pool,Parking,Mini Bar,Business Center,Sea View,VIP Service
Single Room,Buffet,Swimming Pool,Laundry Service,Early Check-in,Conference Room,Mountain View,Executive Lounge
Penthouse,Dinner,Gym,Airport Shuttle,Mini Bar,Business Center,Sea View,Executive Lounge
Double Room,Lunch,Spa,Airport Shuttle,Early Check-in,Conference Room,Sea View,Executive Lounge
Penthouse,Lunch,Swimming Pool,City Tour,Late Checkout,Business Center,Sea View,VIP Service
Single Room,Lunch,Spa,Laundry Service,Early Check-in,Conference Room,Sea View,Executive Lounge
Penthouse,Dinner,Free WiFi,City Tour,Late Checkout,Business Center,Sea View,Executive Lounge
Double Room,Dinner,Free WiFi,Airport Shuttle,Early Check-in,Conference Room,Mountain View,Executive Lounge
Single Room,Dinner,Free WiFi,City Tour,Late Checkout,Business Center,Garden View,Executive Lounge
Penthouse,Breakfast,Free WiFi,Airport Shuttle,Early Check-in,Conference Room,Mountain View,VIP Service
Penthouse,Dinner,Gym,City Tour,Room Service,Business Center,Mountain View,Executive Lounge
Suite,Breakfast,Gym,Parking,Early Check-in,Conference Room,Mountain View,VIP Service
Double Room,Dinner,Spa,Parking,Mini Bar,Conference Room,Sea View,VIP Service
Single Room,Lunch,Spa,City Tour,Mini Bar,Conference Room,Sea View,Executive Lounge
Suite,Buffet,Gym,Laundry Service,Room Service,Business Center,Garden View,VIP Service
Double Room,Buffet,Free WiFi,Parking,Room Service,Conference Room,Mountain View,VIP Service
Penthouse,Breakfast,Swimming Pool,Laundry Service,Room Service,Business Center,Garden View,VIP Service
Suite,Breakfast,Swimming Pool,Airport Shuttle,Mini Bar,Conference Room,Garden View,Executive Lounge
Double Room,Breakfast,Swimming Pool,Airport Shuttle,Late Checkout,Business Center,Mountain View,VIP Service
Suite,Dinner,Free WiFi,Laundry Service,Late Checkout,Business Center,Sea View,VIP Service
Suite,Buffet,Spa,City Tour,Late Checkout,Business Center,Sea View,VIP Service
Single Room,Breakfast,Gym,City Tour,Early Check-in,Conference Room,Mountain View,Executive Lounge
Penthouse,Lunch,Free WiFi,Parking,Late Checkout,Conference Room,Mountain View,Executive Lounge
Double Room,Buffet,Swimming Pool,Laundry Service,Room Service,Conference Room,Garden View,VIP Service
Suite,Breakfast,Free WiFi,City Tour,Room Service,Business Center,Sea View,Executive Lounge
Single Room,Dinner,Gym,City Tour,Late Checkout,Conference Room,Mountain View,Executive Lounge
Single Room,Buffet,Spa,Laundry Service,Room Service,Business Center,Sea View,Executive Lounge
Suite,Dinner,Free WiFi,City Tour,Early Check-in,Conference Room,Mountain View,Executive Lounge
Double Room,Buffet,Swimming Pool,Parking,Room Service,Conference Room,Garden View,Executive Lounge
Suite,Dinner,Gym,Airport Shuttle,Early Check-in,Business Center,Sea View,VIP Service
Double Room,Buffet,Swimming Pool,City Tour,Room Service,Conference Room,Garden View,VIP Service
Double Room,Lunch,Swimming Pool,Laundry Service,Early Check-in,Conference Room,Mountain View,Executive Lounge
Double Room,Buffet,Swimming Pool,Parking,Early Check-in,Conference Room,Mountain View,VIP Service
Penthouse,Dinner,Free WiFi,Laundry Service,Early Check-in,Business Center,Garden View,VIP Service
Single Room,Lunch,Gym,Parking,Late Checkout,Conference Room,Sea View,VIP Service
Penthouse,Breakfast,Spa,Airport Shuttle,Late Checkout,Business Center,Mountain View,Executive Lounge
Double Room,Dinner,Gym,Airport Shuttle,Early Check-in,Business Center,Sea View,VIP Service
Single Room,Buffet,Free WiFi,Parking,Early Check-in,Business Center,Mountain View,VIP Service
Penthouse,Lunch,Swimming Pool,Airport Shuttle,Early Check-in,Business Center,Mountain View,Executive Lounge
Penthouse,Lunch,Spa,Parking,Mini Bar,Conference Room,Garden View,VIP Service
Single Room,Breakfast,Spa,City Tour,Late Checkout,Conference Room,Mountain View,VIP Service
Penthouse,Lunch,Swimming Pool,City Tour,Mini Bar,Conference Room,Garden View,VIP Service
Single Room,Breakfast,Swimming Pool,Airport Shuttle,Early Check-in,Business Center,Garden View,VIP Service
Penthouse,Lunch,Free WiFi,Laundry Service,Early Check-in,Conference Room,Mountain View,VIP Service
Double Room,Dinner,Gym,Parking,Early Check-in,Business Center,Garden View,Executive Lounge
Double Room,Dinner,Free WiFi,Laundry Service,Early Check-in,Business Center,Sea View,VIP Service
Penthouse,Lunch,Free WiFi,Airport Shuttle,Mini Bar,Conference Room,Sea View,VIP Service
Suite,Lunch,Free WiFi,Parking,Mini Bar,Conference Room,Mountain View,VIP Service
Suite,Buffet,Spa,Laundry Service,Mini Bar,Business Center,Mountain View,VIP Service
Single Room,Buffet,Swimming Pool,Parking,Late Checkout,Business Center,Garden View,VIP Service
